{"web":{"client_id":"409420628050-m7749tfs4vlu8mmo52se15bv7qvji9p4.apps.googleusercontent.com","project_id":"movies-catalog-226819","auth_uri":"https://accounts.google.com/o/oauth2/auth","token_uri":"https://www.googleapis.com/oauth2/v3/token","auth_provider_x509_cert_url":"https://www.googleapis.com/oauth2/v1/certs","redirect_uris":["http://localhost:8000/login","http://localhost:8000/years/","http://localhost:8000/gconnect"],"javascript_origins":["http://localhost:8000","https://localhost:8000"]}}